,Product
,honeydewmelon
,tomato
,mushroom
,ham
,lobster
,squid
,onion
,rabbit
,ham
,octopus
,tomato
,blueberry
,grapefruit
,turkey
,ham
,honeydewmelon
,onion
,snail
,lychee
,octopus
,pumpkin
,venison
,quail
,potato
,turtle
,duck
,lemon
,squid
,duck
,squirrel
,fish
,broccoli
,turtle
,squirrel
,cauliflower
,tomato
,kiwifruit
,ostrich
,raspberry
,blackberry
,blueberry
,venison
,crab
,onion
,frog
,onion
,papaya
,fish
,radish
,pineapple
,pear
,melon
,apple
,passionfruit
,banana
,grape
,kiwi
,lettuce
,bellpepper
,cantaloupe
,carrot
,beef
,bellpepper
,celery
,papaya
,raspberry
,turtle
,tomato
,sweetpotato
,octopus
,garlic
,lobster
,plum
,avocado
,lime
,radish
,squirrel
,banana
,frog
,apricot
,watermelon
,papaya
,potato
,tomato
,date
,ostrich
,tangerine
,clam
,octopus
,lychee
,lime
,onion
,celery
,blackberry
,persimmon
,lemon
,cherry
,trout
,lettuce
,bacon
,blueberry
,strawberry
,potato
,guava
,mushroom
,strawberry
,cucumber
,frog
,jackfruit
,lime
,sausage
,honeydewmelon
,ham
,cantaloupe
,tomato
,snail
,blueberry
,papaya
,apricot
,veal
,watermelon
,date
,passionfruit
,kangaroo
,goose
,strawberry
,apple
,coconut
,shrimp
,mango
,mushroom
,grapefruit
,scallop
,melon
,lemon
,honeydewmelon
,spinach
,peach
,dragonfruit
,lettuce
,strawberry
,jackfruit
,pomegranate
,grape
,raspberry
,broccoli
,fig
,lychee
,persimmon
,kangaroo
,bellpepper
,veal
,lemon
,pear
,spinach
,grapefruit
,quail
,peach
,grape
,zucchini
,zucchini
,guava
,raspberry
,grape
,pineapple
,bellpepper
,radish
,snail
,duck
,snail
,shrimp
,mango
,bellpepper
,eel
,pumpkin
,radish
,zucchini
,garlic
,broccoli
,squid
,rabbit
,watermelon
,ostrich
,grapefruit
,cucumber
,ostrich
,raspberry
,passionfruit
,beef
,squirrel
,guava
,garlic
,pork
,salmon
,celery
,pumpkin
,guava
,lychee
,mango
,fig
,celery
,liver
,pumpkin
,kangaroo
,reindeer
,fig
,eggplant
,cauliflower
,frog
,kiwifruit
,eel
,clam
,quail
,strawberry
,clam
,watermelon
,goose
,artichoke
,cabbage
,passionfruit
,celery
,tangerine
,onion
,onion
,cherry
,pear
,trout
,blackberry
,bellpepper
,lettuce
,cabbage
,persimmon
,ostrich
,apricot
,cantaloupe
,turkey
,artichoke
,beef
,lemon
,mushroom
,clam
,onion
,pork
,eggplant
,durian
,liver
,zucchini
,crab
,lettuce
,grape
,beef
,sweetpotato
,liver
,cantaloupe
,durian
,mango
,quail
,avocado
,mushroom
,raspberry
,scallop
,cauliflower
,celery
,pumpkin
,grape
,peach
,radish
,grapefruit
,sausage
,pear
,sweetpotato
,banana
,papaya
,trout
,snail
,coconut
,scallop
,ham
,cabbage
,frog
,guava
,apple
,goose
,salmon
,crab
,sausage
,lemon
,ham
,orange
,papaya
,potato
,veal
,apricot
,coconut
,grapefruit
,spinach
,ham
,rabbit
,honeydewmelon
,peach
,cherry
,ostrich
,cauliflower
,strawberry
,spinach
,cherry
,honeydewmelon
,zucchini
,persimmon
,squid
,lychee
,garlic
,ham
,reindeer
,strawberry
,persimmon
,grapefruit
,kangaroo
,lettuce
,spinach
,guava
,pork
,octopus
,garlic
,squid
,durian
,dragonfruit
,cauliflower
,grapefruit
,watermelon
,chicken
,potato
,trout
,onion
,potato
,passionfruit
,jackfruit
,squirrel
,frog
,octopus
,goose
,pineapple
,eggplant
,celery
,salmon
,duck
,duck
,kiwi
,asparagus
,kiwi
,papaya
,spinach
,ginger
,radish
,beef
,fish
,frog
,asparagus
,broccoli
,ham
,venison
,broccoli
,goose
,cauliflower
,artichoke
,persimmon
,apricot
,salmon
,cantaloupe
,fish
,trout
,oyster
,octopus
,venison
,reindeer
,bellpepper
,broccoli
,spinach
,shrimp
,dragonfruit
,frog
,cauliflower
,venison
,pineapple
,kiwi
,quail
,strawberry
,passionfruit
,melon
,quail
,apricot
,veal
,sausage
,pomegranate
,lime
,lemon
,peach
,fish
,liver
,durian
,dragonfruit
,onion
,blueberry
,chicken
,durian
,lime
,crab
,squirrel
,venison
,banana
,quail
,avocado
,mushroom
,tangerine
,lemon
,sweetpotato
,squid
,octopus
,date
,lettuce
,date
,cabbage
,lemon
,garlic
,carrot
,date
,crab
,ostrich
,fish
,chicken
,goose
,lychee
,lime
,blueberry
,pineapple
,peach
,dragonfruit
,coconut
,raspberry
,coconut
,reindeer
,venison
,eel
,plum
,fish
,grape
,crab
,apricot
,ham
,cantaloupe
,banana
,sweetpotato
,mango
,artichoke
,garlic
,date
,eggplant
,tangerine
,bellpepper
,squid
,squirrel
,radish
,shrimp
,ginger
,cauliflower
,salmon
,ostrich
,eggplant
,strawberry
,pineapple
,celery
,cauliflower
,chicken
,persimmon
,lychee
,grapefruit
,turkey
,rabbit
,celery
,shrimp
,dragonfruit
,eggplant
,turtle
,reindeer
,turkey
,cherry
,cucumber
,ginger
,apricot
,duck
,salmon
,lettuce
,ginger
,honeydewmelon
,lobster
,pineapple
,ham
,onion
,squirrel
,cherry
,cauliflower
,date
,honeydewmelon
,zucchini
,jackfruit
,passionfruit
,peach
,goose
,oyster
,apricot
,apple
,lettuce
,spinach
,strawberry
,bacon
,lobster
,mango
,ham
,pear
,cantaloupe
,date
,eel
,quail
,apricot
,asparagus
,cantaloupe
,eggplant
,crab
,lime
,sausage
,broccoli
,mango
,turkey
,ostrich
,eggplant
,quail
,potato
,blueberry
,raspberry
,lime
,kiwi
,cucumber
,kiwifruit
,snail
,pomegranate
,asparagus
,banana
,pumpkin
,radish
,honeydewmelon
,veal
,cauliflower
,peach
,avocado
,spinach
,liver
,shrimp
,cauliflower
,avocado
,turkey
,reindeer
,lobster
,cucumber
,scallop
,artichoke
,cabbage
,chicken
,celery
,trout
,turtle
,trout
,eggplant
,ginger
,apricot
,beef
,tangerine
,octopus
,squid
,salmon
,turkey
,blueberry
,strawberry
,persimmon
,artichoke
,duck
,strawberry
,fish
,blueberry
,ham
,cucumber
,apple
,garlic
,scallop
,blackberry
,onion
,venison
,octopus
,ostrich
,pork
,guava
,plum
,snail
,honeydewmelon
,chicken
,goose
,lettuce
,bellpepper
,octopus
,apricot
,lemon
,carrot
,reindeer
,reindeer
,crab
,dragonfruit
,papaya
,ginger
,sweetpotato
,ham
,avocado
,pumpkin
,tomato
,broccoli
,lobster
,spinach
,kangaroo
,plum
,pork
,ostrich
,turtle
,lime
,crab
,coconut
,crab
,guava
,sausage
,squid
,coconut
,fig
,kiwi
,onion
,pomegranate
,octopus
,kiwifruit
,onion
,sausage
,oyster
,salmon
,frog
,kiwi
,veal
,quail
,tomato
,celery
,kiwi
,papaya
,kiwi
,shrimp
,coconut
,cabbage
,cucumber
,durian
,octopus
,garlic
,lime
,lychee
,carrot
,kiwi
,goose
,reindeer
,octopus
,eel
,tangerine
,eel
,turtle
,pomegranate
,coconut
,cauliflower
,crab
,sausage
,celery
,mushroom
,cherry
,asparagus
,fig
,apricot
,grape
,tomato
,plum
,watermelon
,lime
,lychee
,blueberry
,lobster
,bellpepper
,cantaloupe
,honeydewmelon
,tangerine
,apricot
,broccoli
,plum
,mushroom
,pork
,trout
,sweetpotato
,cucumber
,honeydewmelon
,fish
,coconut
,raspberry
,apple
,oyster
,kangaroo
,lychee
,eggplant
,lemon
,pear
,reindeer
,turtle
,pomegranate
,grapefruit
,asparagus
,blueberry
,cantaloupe
,beef
,crab
,beef
,liver
,veal
,pumpkin
,cabbage
,blueberry
,veal
,peach
,ostrich
,blackberry
,dragonfruit
,apricot
,jackfruit
,pumpkin
,beef
,honeydewmelon
,ham
,kiwi
,shrimp
,pomegranate
,honeydewmelon
,salmon
,reindeer
,chicken
,grape
,orange
,passionfruit
,plum
,spinach
,venison
,rabbit
,jackfruit
,turtle
,rabbit
,melon
,apricot
,mango
,tomato
,sweetpotato
,turtle
,eggplant
,sweetpotato
,squid
,trout
,venison
,fish
,melon
,cabbage
,cabbage
,strawberry
,dragonfruit
,turtle
,durian
,duck
,eggplant
,reindeer
,melon
,peach
,snail
,kiwi
,turtle
,apricot
,plum
,lychee
,salmon
,salmon
,apricot
,durian
,eggplant
,dragonfruit
,durian
,pork
,snail
,oyster
,tangerine
,carrot
,octopus
,liver
,sausage
,lobster
,banana
,fish
,orange
,strawberry
,shrimp
,ham
,cauliflower
,honeydewmelon
,rabbit
,asparagus
,peach
,octopus
,shrimp
,dragonfruit
,date
,spinach
,chicken
,apricot
,apple
,duck
,coconut
,tomato
,apple
,sausage
,eggplant
,cucumber
,blackberry
,snail
,blackberry
,mango
,bellpepper
,papaya
,tangerine
,bellpepper
,grapefruit
,lemon
,passionfruit
,goose
,fish
,fig
,reindeer
,carrot
,crab
,cherry
,frog
,squid
,reindeer
,grape
,lime
,lychee
,dragonfruit
,passionfruit
,apricot
,jackfruit
,zucchini
,avocado
,chicken
,clam
,cabbage
,turkey
,date
,chicken
,turkey
,fish
,shrimp
,papaya
,kiwifruit
,honeydewmelon
,squirrel
,pork
,garlic
,kiwi
,celery
,frog
,ostrich
,peach
,lettuce
,chicken
,melon
,salmon
,blueberry
,eggplant
,honeydewmelon
,broccoli
,guava
,persimmon
,pear
,strawberry
,onion
,peach
,lime
,rabbit
,sweetpotato
,blueberry
,sweetpotato
,date
,watermelon
,strawberry
,beef
,lemon
,bellpepper
,asparagus
,apple
,onion
,onion
,beef
,persimmon
,celery
,chicken
,squirrel
,watermelon
,date
,kangaroo
,ginger
,pomegranate
,duck
,crab
,guava
,reindeer
,blueberry
,spinach
,coconut
,pomegranate
,passionfruit
,artichoke
,celery
,cabbage
,lemon
,papaya
,quail
,sweetpotato
,papaya
,octopus
,raspberry
,pork
,tomato
,avocado
,squid
,pear
,mushroom
,radish
,broccoli
,date
,pumpkin
,chicken
,passionfruit
,cherry
,eel
,garlic
,bellpepper
,sausage
,ostrich
,clam
,artichoke
,lettuce
,orange
,bellpepper
,shrimp
,melon
,mango
,sausage
,veal
,cucumber
,honeydewmelon
,potato
,kiwifruit
,zucchini
,honeydewmelon
,artichoke
,durian
,reindeer
,eel
,strawberry
,apricot
,reindeer
,bellpepper
,peach
,jackfruit
,pineapple
,jackfruit
,passionfruit
,lobster
,rabbit
,avocado
,oyster
,cucumber
,turkey
,date
,raspberry
,coconut
,shrimp
,broccoli
,garlic
,mushroom
